unit_id,pref_name,B4_mean,B4_std,B8_mean,B8_std,B11_mean,B11_std,NDVI_mean,NDVI_std,NDBI_mean,NDBI_std,MNDWI_mean,MNDWI_std,viirs_mean_mean,viirs_mean_std,S2_NDBI_contrast_mean,S2_NDBI_contrast_std,S2_NDBI_entropy_mean,S2_NDBI_entropy_std,NDVI_slope,NDBI_slope,MNDWI_slope,viirs_mean_slope,NDVI_seasonal_amp,NDBI_seasonal_amp,MNDWI_seasonal_amp,pop_total,age_u15,age_65_plus,osm_built_area,osm_built_ratio,elevation_mean,elevation_std,slope_mean,slope_std,aspect_sin_mean,aspect_cos_mean,tri_mean,dw_water_frac,dw_trees_frac,dw_grass_frac,dw_flooded_vegetation_frac,dw_crops_frac,dw_shrub_and_scrub_frac,dw_built_frac,dw_bare_frac,elderly_ratio,aging_index,youth_ratio,household_size,shrinkage_class,shrinkage_code
mura:Akita:05201,Akita,0.6526704862482298,1.0912700231587689,0.40786680267203784,0.5674369894910222,0.36876098378268773,0.5559366443623174,-0.10484854177266212,-0.05891274204117602,0.052204581431055615,0.9557736283693383,0.24404909320782142,0.3724840371556328,1.3645122882833876,0.7952750246552147,-0.806751436793723,-0.958645689641569,-0.03380831042166856,-0.061307804013078455,0.3772928783503478,0.9490425495143618,-0.641025983211669,-1.749293964197274,-0.12034823440699897,0.3434340202227061,0.027715098325118637,1.8262858576228354,1.6231971281904254,1.9184360830822231,1.8310543696470258,2.756150471387574,-0.06749360565770236,0.6602818657139435,2.6517424851491826,5.532300676392047,-20.063356862467362,-2.8262525784938757,0.26902254105281675,1.1876910900308018,0.018743679641133208,-0.4090639976732292,0.05222925190990825,-0.05880777717024828,0.1801465037951469,0.6517160676243723,-0.17726218641411426,-0.9520816837943902,-0.5427578249531595,0.47584442766357105,-0.9254652535517313,stable,0
mura:Akita:05202,Akita,-0.07833024197016131,0.21031842436279932,0.007722648292862365,0.019310001386089386,-0.10803851630193617,-0.031994824590063725,0.10160576104288288,0.24226954407152568,-0.32108970826965755,-0.58742218187051,0.25516676350360323,-0.0093298057347744,0.052415060189942006,-0.1221960625054359,-0.3591072570176424,-0.5921964170527375,-0.2862837172399523,-0.2105625835741522,0.5298379224793591,0.25949673360754905,-0.5145997090734389,0.1641859322130016,0.07318149490587222,-0.3731067878322452,0.0,0.7645727083552828,0.5991127597287971,0.9382790294034077,1.4704144695894643,3.0188942755505903,-0.4015218628760825,-0.23832042914602095,-0.17451009339638246,0.029906585846566348,0.0,0.0,-0.2627092041189032,1.9258872685885318,-0.2335044210616633,-0.04287135716614794,0.8913112931263576,0.6695335832176206,0.0,0.1990871634277468,0.47412414099082406,0.22419891850044824,0.28376920980172726,-0.3411576415295407,-0.6112209183254301,shrinking,1
mura:Akita:05203,Akita,1.363507885107482,2.399575733512687,1.0796308990882169,1.4510218994219015,1.229997789372907,1.8009210380574345,0.35769452584273354,0.42352633042950183,0.02685279597329137,3.0378795063409227,-0.40256254663771074,1.4380400179475208,0.6213355794228785,0.733024268883397,-0.5630551739754337,-0.41911631189351,-0.40710475342064995,0.0,0.06262455769308983,1.3535740209463898,-0.49127220316816356,-0.5094875333169504,0.7943926034463554,3.6423588890311023,2.1759928148094754,1.078692861432012,0.9497647589917221,1.2426660374429277,1.4567857771717738,1.6655334681377945,0.01830893297773463,0.20429281203280228,2.6517424851491826,6.588624285251975,-20.063356862467362,-2.8262525784938757,-0.07075137360957254,0.10344968499779522,-0.5389633560147635,0.3132439974813877,0.6030587179587908,0.8656576182396314,-0.051435721859915795,0.5225258212459841,-0.009016461412390524,-0.061187265570461016,-0.13005948151573046,0.21875272486029365,0.41249055228208037,shrinking,1
mura:Akita:05204,Akita,0.5653061386253523,1.1631784746478937,0.8526978640910085,0.6979838439322159,0.6469270766594223,0.997566243794461,1.3769685248285182,1.3137949295703852,-1.5210242814122603,0.3797398162005857,-0.6622316286114526,1.041166171284321,-0.13257422131665803,0.04748091129498589,-0.7474599330415838,-0.36017774775652933,0.5748532866382998,0.5896432482297129,1.4179647781347868,-0.109043932114341,-1.1317710488035977,0.40850645545452813,0.9848547166739503,0.35759844703272353,1.2865205604005074,0.9550810590250267,0.8121471177549886,1.1063761543500854,1.7901042660665962,2.575403798408034,0.3592704506904349,0.4541353271072262,-0.17451009339638246,0.03436464283948689,0.0,0.0,0.9058908417711353,-0.03475291782912705,0.4610366439852364,-0.5917941818373524,-0.015005035555595462,-0.23277330567374444,0.14753980884287596,-0.1546449078208833,-0.43924549871569424,-0.06649319533234355,-0.024955486755562525,-0.00996329772943349,-0.3326735866269874,shrinking,1
mura:Akita:05206,Akita,-0.5824598755285714,-0.406206643983815,-0.982817751358816,-0.5092627219753687,-0.6213751991983922,-0.9870910151017559,-1.0315515300292328,-0.9708198025156941,0.8360809384510773,-0.25300562814149996,1.033694092589715,-0.7976059493927603,0.028018173672214458,0.0,0.3287836546348803,-0.6085210678950467,-0.04606730684834837,-0.5035919025667177,-0.3149174360434376,0.7828367495074489,0.0,-1.799100206045254,-0.8542539609093167,-1.1057638977772086,-1.5551613064184369,0.36366558257188764,0.15007486378510776,0.5768494641663258,0.2964895647214053,0.08908948944895054,-0.48039013423880833,-0.27438467491581897,0.0,0.0,0.0,0.0,-0.5105151963657995,3.839353573557215,-0.28193674548188286,0.11083633851273027,0.8381500164046654,0.35475272605339286,0.6867388352778944,0.34144164521319076,0.8865461052701498,0.8355509667642522,1.0946975263484169,-0.9429189270043307,-0.5137570924300896,severely_shrinking,2
mura:Akita:05207,Akita,1.3860788436575862,2.4511286075502716,1.1061464809868211,1.4883927231248677,1.2661175290718394,1.8631429383083413,0.39112469177155706,0.46603342870977904,0.0,3.123257335842439,-0.43552606153845363,1.5025313906373923,-0.21312852654384618,-0.06412442988075254,-0.8043336387615957,-0.515110218291424,0.46379061615926437,0.9013913901024169,0.08536523366006427,1.362690539559642,-0.5121475184498152,0.09523449462202978,0.8380247294414025,3.76003669098511,2.2594319485948398,0.664370119926857,0.5201787660095202,0.8073743043146809,0.5692783741281565,-0.2205385763928535,1.0819149901746408,0.9481579329940615,1.9302528194556339,769376.2671943794,4.3367041014988335,-1.107895691571419,1.0609398041067297,-0.22337423179987728,0.23010785353009994,-0.7368533666814279,-0.33343401651303994,-0.18470322924747973,-0.27648186990214324,-0.23204528006214042,-0.4414263921763507,0.07179515914670795,0.1908071399952006,-0.297869739308302,0.2435701921219951,shrinking,1
mura:Akita:05209,Akita,0.7524256764248,0.749781592241379,0.9150467177738987,0.13526633397056034,0.9414377599952323,-0.022701460295943766,1.3516107736834786,0.3484738044217808,-1.0578235913910023,0.36198318277398317,-0.9530311822979952,0.5638020586773447,-0.2896759119104242,-0.06857090072084372,-0.49748838184488564,-0.26010467833120415,0.5465970221451238,0.5604623499641477,-0.11047504778948225,0.36803947322940794,-0.057531394712609873,0.21920190544602178,0.5974782139276625,0.5666624002730493,0.9262686352018892,0.4485399203907263,0.40631285411802176,0.5786905077250627,1.3160034732558947,1.113549712511764,1.0922428810607498,0.7981481377437213,-0.0515806210897594,450626.797920225,-0.8726671812136345,-0.12292947226033123,0.7096654004567262,-0.20818979279948094,0.19270781991569352,-0.29231592128567235,-0.13654025218955257,-0.2540534742787066,0.3763193044134775,-0.30271642668195825,-0.04660139615588217,0.12867609721128365,-0.04602562775134408,0.18830194625896635,0.1541575723274318,shrinking,1
mura:Akita:05210,Akita,0.6919952304273744,1.2120802853174102,0.27727805789866766,0.6584689848613621,0.3030232968721595,0.7077596030252459,-0.5116188551962021,-0.3422911578677137,0.4734535148796861,1.5431671431361225,0.5105079678216735,0.25739985408963595,-0.22215786885431063,-0.20991456080050946,-0.5977007019748842,-0.448650076442009,0.7152127245041996,1.1400640086800733,0.06534449099117422,1.221734471673983,-0.46859527844874754,-0.20565962836241278,-0.28274337420631857,1.3914949443235638,0.15688774803044855,0.9994958357253122,0.8831042892025057,1.1247306735567217,0.6771609092771557,-0.2990055185885524,0.24027651166964734,0.6745184022412879,2.6517424851491826,-0.1825181197262847,-20.063356862467362,-2.8262525784938757,0.3797000161046215,-0.1531838320967255,0.5162154804896851,-0.30912088633665197,-0.10793069724986301,-0.07989846118501923,-0.13897757279746298,-0.22761720418409542,-0.7737357961573863,-0.27113674488445044,-0.21091392273636408,0.2271284394857375,0.11084145926611133,shrinking,1
mura:Akita:05211,Akita,0.10667113933694215,0.3064045262612964,-0.13135597544156605,0.005386007277638904,-0.11893588947957232,-0.2770443059081232,-0.4462747389907788,-0.43340060712951134,0.30527059157746284,0.01020263115871449,0.5799532063424402,-0.2710210278479217,0.9824078364738271,0.7429627179390427,0.6958671855854157,0.3631173636057243,-0.8519531177959417,-0.7225609993372727,0.11929576605523252,0.764206214786907,-0.35329561074559934,-2.997209882610914,-0.4897217723623213,-0.2725158923162247,-0.4758802690011142,0.49913553564162144,0.47062200411848537,0.5439720834019902,0.1706266510912916,0.8848546196956627,-0.6844387829623062,-0.6285760999634881,2.6517424851491826,-0.1825181197262847,-20.063356862467362,-2.8262525784938757,-0.9478244838688908,1.2262954554454935,-1.3504932398589433,0.04974988750862741,2.4436256836277424,1.420670833172522,-0.4633058781598025,1.9414875398836187,0.39319869569587207,-0.4779659599328078,-0.3327195496052824,0.3462487647046412,-0.0343721003528439,stable,0
mura:Akita:05212,Akita,1.1364874336364563,2.0012660628596124,0.8593873150444586,1.2258289538914584,0.9095614457807882,1.6812235358101737,0.16438990657756758,0.39418282855048037,-0.11221054953699598,2.3726820808520874,-0.10061169295906414,1.2307450143136627,0.16072783248556843,0.2429865337874552,-0.5378215251400983,-0.536222043327485,0.12108003003758473,0.4013049737583467,0.613586448122992,1.1624468563132972,-0.9133092229057959,-0.39083571199032147,0.24640754736382114,1.798583557318998,1.1675102982186714,1.022117200729693,0.8926541643642317,1.1711357395079174,1.1762888767933504,0.4787627742726996,-0.21123777490782447,0.29741740143839207,2.6517424851491826,-0.1825181197262847,-20.063356862467362,-2.8262525784938757,-0.03319192356478664,0.26975490614371267,-0.3423990539080171,0.4603371233482369,0.4630031633636161,0.8685507887246117,0.5775041877667054,0.2468392562357441,0.08505517570545135,-0.12641232167202288,-0.1259243045139139,0.15486389288865832,0.3803089534940652,shrinking,1
mura:Akita:05213,Akita,0.7499239451533252,1.3718159046444212,0.8382106882596767,0.8182492030534353,0.6844730709765489,0.9993867629446206,0.945849009365873,0.9446183247191031,-1.0848479820131807,0.672148837344798,-0.418010275024617,1.0332284021236797,-0.5739751470279959,-0.2949194988371422,-1.285019387115147,-0.7688800920704907,-0.2329179924193061,-0.11129606763200896,1.1658244194086307,0.3652137845217932,-1.0816462706684635,0.3821024177236724,0.6923986529909258,0.8063697256708904,1.1696614200730717,0.47041438900004523,0.32334960632524856,0.659599847623381,1.2351800978308463,0.30300135187192034,0.645645404343653,0.9486252463810628,0.8254899066036175,1053472.3089437152,-7.098925628558814,-1.0,0.8581697847942871,-0.05200753149628925,0.42045827169706906,-0.7996883366399204,-0.16062369283619993,-0.381103032222214,-0.24195009303701862,-0.5308082762701021,-0.28313904146951124,0.5579953298501229,0.5364481335341433,-0.48897338804475704,-0.0721300496640695,severely_shrinking,2
mura:Akita:05214,Akita,0.2979848021613862,0.641996729996713,-0.20199868547475033,0.20733934279717953,-0.08168523239040955,-0.24026455774821714,-0.8563170164296304,-1.022281733403309,1.0020081211582441,0.9801069862853937,0.7945026364886081,-0.5238468718538544,0.0164263195833506,-0.1499125267562144,0.29732631667161075,-0.30502827281359335,1.1165100842888958,1.1067730474220914,-0.7631065197055356,1.022683280909751,0.26688508400838085,-0.22971210374095002,-0.6002330702724008,-0.29336789112163486,-0.8541506117945785,0.32231973515196405,0.2821111349168598,0.4127907469509705,0.43413461399691394,0.3872365943862842,0.44624486575899586,1.0198514722982228,2.6517424851491826,-0.1825181197262847,-20.063356862467362,-2.8262525784938757,-0.4449957348893119,0.008316611894522423,0.0031707747853856995,0.7145979045163009,0.8321913086592685,0.4367414442674712,0.503494983673118,0.20195942027025768,-0.5478044021172317,-0.06559811512672184,-0.06409388347303097,0.07102528193947148,0.31272871129703544,shrinking,1
mura:Akita:05215,Akita,1.1347510560008207,1.8260479960399452,1.0240563743498976,1.0725554959785926,1.0712388695591255,1.3358320053542763,0.735318136299573,0.6940299822403747,-0.7793847978645987,1.6198127064672854,-0.5186248704648829,1.3436525242597415,-0.579532220701616,-0.3280978818154182,-0.8551962901090726,-0.9010726741438327,1.0468700998065732,0.9821705832854838,1.0612264611379998,0.5758096851128548,-1.1394445704829645,0.18353528288690193,0.5325655724360129,2.264655062076027,1.7575441728437493,0.35089490189334427,0.2572244972673995,0.50362571362525,0.4784408045767991,-0.37216966725089856,1.3316988716098168,1.394216838709647,2.6517424851491826,-0.1825181197262847,-20.063356862467362,-2.8262525784938757,0.9414093021341724,0.8391857287469197,0.18091235972678174,-0.9134567432806736,-0.4809431371772978,-0.40601910687369863,-0.4501277104161703,-0.5440692786141953,0.15947810512477284,0.36518758320759875,0.29446517238154496,-0.26381171575875567,0.17629059135749137,severely_shrinking,2
mura:Akita:05303,Akita,0.44422601333833467,0.5673789702121661,0.737741938690757,0.23796123319860724,0.6963777902519167,0.5510625614423337,1.371044847791433,0.8405517196332506,-1.137427773155546,0.28207468266480945,-0.8820705557329717,0.5624623754789984,0.0903443308316934,0.22575916989734277,-0.10554196391697912,-0.07380791627763489,-0.8498808221666464,-0.6937296380949554,0.2584190832553788,-0.600022467249663,-0.018339716813686808,0.984794238294172,0.7515916471727375,0.5644012116557875,0.8634980124299361,-0.6062080006733138,-0.6401099377615374,-0.5152713259051832,0.5962584608467381,0.9926235758307573,0.9881592335063356,0.3591373040916592,-0.17451009339638246,-0.006483511037246739,0.0,0.0,0.3967108880708528,4.095971494323682,-0.11524054355293295,-1.0350847612156564,-0.2956279248425022,-0.4692681597000575,-0.3081226475816018,-0.500267329421957,0.0,0.6005094257004819,0.7636362535602804,-0.73606432366219,-0.6508356144954344,severely_shrinking,2
mura:Akita:05327,Akita,0.6176922937131016,1.0969153026336516,0.59792253331965,0.6023635823983675,0.4553197780496208,0.6733826686113824,0.4650343947016763,0.49368453862485645,-0.5920148096721206,0.4903491446906831,-0.07629598234735369,0.659218510857343,-0.7666849510375897,-0.397555940460241,-0.07656969728966959,0.08600657442286325,0.5080157543240208,0.5068664186127935,0.8346585594013096,0.532819467007708,-0.8499793148546032,0.37714598967883395,0.3294216943866055,0.976534835103887,1.0529741477288477,-1.096869385154761,-1.190856121646722,-0.9386150578121208,-0.2850608653397223,-0.36208086741142537,0.6023492901889401,0.5553545526008282,1.5950610518208663,1065983.3090217526,-12.562053954267077,-1.7695711451952398,1.3072916332258853,-0.16081427125308034,0.8692218548939803,-1.1621252197276302,-0.4051539805925251,-0.5760673887170412,-0.31322954398828995,-0.7486426616243228,-0.6544420093102971,1.596922213481974,2.181450588207528,-1.3813098501793921,-0.26871710304916446,severely_shrinking,2
mura:Akita:05346,Akita,-0.08987993335100608,0.41121231059986546,0.23325881378839022,0.26573225521459826,0.0,0.5158617849711882,0.6237657455751657,0.9228510498403304,-0.9054482199909261,-0.4941643536328809,-0.039093785434246534,0.39386819911835436,-0.800716406047054,-0.39318174646614035,-0.21908522146575554,-0.08924170934779754,0.6011634120427535,0.6363953969294202,0.8958443486395251,-0.1185925132211123,-0.6833537960578115,0.4856429935161905,0.5947790545230198,-0.2900294381159605,0.5775928502918987,-0.8988359361106224,-0.9245316655038758,-0.782440364301316,0.25298424703060385,0.0,0.7473783557415096,0.7636682036808073,-0.17451009339638246,-0.0010375299352390623,0.0,0.0,1.3783147908821338,-0.16097436901091722,0.5784264834684243,-0.8450712850993095,-0.5027656257981737,-0.5081806431171324,-0.28182768178585677,-0.7093017176994361,-0.14885870788318867,1.0447668030303041,1.1827349989528184,-0.9219853784207466,-0.025737682080791233,severely_shrinking,2
mura:Akita:05348,Akita,0.022353551182843344,0.24740774497592946,-0.02900917415940825,0.0,-0.09588403807491949,-0.17251756993195455,-0.112869347795338,-0.049321988074286206,-0.06817029540374368,-0.4097679679437925,0.37290540213637413,-0.12031871347163162,-0.47002241003843565,-0.32599698934637567,0.14624746888455686,-0.12060923237528033,0.21723347871759255,0.2068994154514192,0.3748271444259161,0.4757094466143582,-0.4634073105307407,-0.13683673276497607,-0.17257482669682864,-0.28472844404624736,-0.1643002478225433,0.07151933716762365,-0.04461274415778372,0.23600851182327973,0.8344982112696148,1.411407074507013,-0.5196209172192752,-0.5852597683833581,-0.03364370704226637,481778.19022761396,-1.0,-0.1408663863038816,-0.3432303287560687,1.0368441338758303,-0.15238460105572274,0.07657540965010441,1.3832091596372904,0.7361037138606472,-0.2841207941581158,0.08501615461888395,-0.20597790183805983,0.6673140865374623,0.7149893117072054,-0.6450737872971409,0.18595270863743438,severely_shrinking,2
mura:Akita:05349,Akita,-0.4886091465306894,-0.09453059324853036,-0.3014985695247079,-0.13703061483211887,-0.3469896275081181,-0.10429062856550045,-0.028575976655263274,0.2616693256811903,-0.24534984953502254,-0.7728931187128698,0.36146409543611857,-0.14106611166632865,-0.7414847132078538,-0.40152138085189315,0.08919482600041623,-0.3113255173265928,0.18180350886066848,0.19468084850451023,0.4360993614511734,0.0993657322595141,-0.3833557978460759,0.29503790098485855,0.1340796723306171,-0.7336277144929386,-0.4144624135808968,-0.4198270356989907,-0.5293779958815147,-0.2928789545683409,0.23104078012936283,0.096127097437214,0.31103509348023506,0.5747241557819103,-0.17451009339638246,0.022185169430792167,0.0,0.0,0.9164628059273808,-0.08792245928113651,0.4506677462737176,-0.06406173594976429,0.13668197151841777,-0.027997715511066397,1.6542637026435878,-0.2950168591025206,0.6071527331668567,0.7464100287260326,1.1009630210283408,-0.9910623776676708,-0.2049610211623224,severely_shrinking,2
mura:Akita:05361,Akita,0.41241364154279886,0.7409103012193486,0.3096505430319165,0.3331944224023426,0.20743502193906546,0.24701048841409246,0.06641040867321935,0.08969573047620567,-0.19457163464015884,0.18854863004924435,0.20365872345036656,0.2335415039852741,-0.3534368656975335,-0.2383162416783513,-0.024141016258244052,0.05295956398585165,-0.10917373401197705,-0.06612328761256887,0.5194920079716924,0.630007604299886,-0.6325617551679499,-0.21537967146178705,-0.03360239239779607,0.4474166986646192,0.40171091805223663,-0.2674229651221957,-0.38019630602433163,-0.11028024086458747,0.3887868008753938,0.4231795596096625,0.008892738974408202,0.24982921079541673,2.555451125906378,402800.8004682136,-19.37979166466277,-2.7299612192823193,0.803370199658581,0.0,0.8422791057602873,-0.8442660518304538,0.0,-0.20092024057194058,-0.691900635622976,-0.4334496777408959,-0.8998675011141387,0.8749800033289197,1.0619524804163512,-0.894278349436065,-0.1136520438478733,severely_shrinking,2
mura:Akita:05363,Akita,0.0828500702835131,0.2873571277474373,-0.07119556639183189,0.004747916925015855,-0.09779361732340558,-0.23509415009465215,-0.2876127416768089,-0.2605644970547215,0.13206767235414738,-0.1895211799227609,0.4781426194052705,-0.19870799167723513,0.9784659983359691,1.1408149350703571,2.4490344637579797,5.634091626004258,-0.2505637337539269,-0.33728210414301946,0.2417893602310165,0.6383636929245446,-0.4100830074866881,-1.9247500047258084,-0.3551151212907978,-0.25389308417594597,-0.31349828963636045,-0.5155203897607699,-0.5512973314035512,-0.42315053583367424,-0.007455829265612968,5.270661019191708,-0.7043982279331711,-0.7330611983276617,2.6517424851491826,-0.1825181197262847,-20.063356862467362,-2.8262525784938757,-1.0786022494966947,4.0442573200692555,-2.107387141428389,0.2031305707093007,2.5189743637754956,2.038718910527713,-1.6344984352842022,1.88683043756353,0.4396019995490125,0.5429324028276045,0.6788186473442863,-0.6725577785976184,0.036436665280196984,severely_shrinking,2
mura:Akita:05366,Akita,0.2823391264247061,0.5417622326532546,0.11375917850076764,0.18115287148302628,0.057393112797625816,0.0,-0.18580513300134735,-0.16875143921022065,0.055490278603904465,0.09906754127950042,0.3843933302502789,-0.01305449844348835,0.5011500312402222,0.4532818978401872,0.9645520794465924,1.4379587628753405,-0.7810780130025352,-0.7058720608789159,0.3221112783178104,0.7051691956724622,-0.49857539401865664,-1.0393640951966878,-0.26811221648115297,0.12486667519945414,-0.011054992210499135,-0.6329566302401255,-0.6720993068663398,-0.567477332965971,0.0,1.6446453887579786,-0.33560018971235545,0.021356256872926374,2.6517424851491826,-0.1825181197262847,-20.063356862467362,-2.8262525784938757,-0.12789051281677047,0.4283234865491703,-0.2965642260152287,0.07662211719450672,1.3258239546047683,0.9475488351866136,-0.15825361814927758,0.19590525384862376,-0.1710611434317224,0.42174016943228226,0.7200865530229734,-0.7861821204712792,1.0442659705467898,severely_shrinking,2
mura:Akita:05368,Akita,-0.1647487405462212,0.0,-0.34814840662222485,-0.20067216986435094,-0.29027466385835704,-0.5153286743193702,-0.4953863296171718,-0.4525025660801285,0.31842077105493133,-0.3893164399829853,0.6369542407861631,-0.42990896935784645,-0.6214454440766132,-0.31337405952271635,0.5576758417029755,1.3941183418975185,1.5464534545872002,1.4664874771537442,0.08648371090413633,0.6271387093429194,-0.27907931085102683,-0.39355021644203314,-0.46069081343238827,-0.622424164853449,-0.7544450050174359,-0.8760970454477063,-0.645776025305894,-1.0337806147857957,0.3737037983439843,0.6532365513158134,-0.8084073025340293,-1.0643861590479295,1.1260551947292305,1098115.436463649,-9.232616255465457,-1.300565288102046,-1.6182941794974364,7.609289532137574,-2.981769647820178,1.4730063375652416,2.92037259911747,3.9915117425446645,-1.8598626472810398,-0.445926634813886,3.8180129042372952,-0.8955601815018726,-0.6255866110018029,0.833124598832832,2.6490098073390933,stable,0
mura:Akita:05434,Akita,1.4224850335306218,2.5357278007872712,1.1488712854123566,1.549774943474128,1.3252506895984677,1.965359879389866,0.4458546363322891,0.535747695418426,-0.043961853168467555,3.2650417804581293,-0.4894920321783266,1.608676911869793,0.30590726827740977,0.5076617475116201,0.7002512726784691,1.2916918724274045,0.5235877431020849,0.8734396379883579,0.12259018993777199,1.37760533683592,-0.5463280530607343,-0.7049620990151414,0.9103236420657566,3.952696360766245,2.3960392746062276,0.18776271310035653,0.16352417993548327,0.2747028818948543,0.659462201477747,1.554774102409285,0.036513870436404236,0.5641236366444873,2.6517424851491826,-0.1825181197262847,-20.063356862467362,-2.8262525784938757,-0.11603334039345456,0.3245042469543723,-1.1674614531598453,0.616437938338856,0.9130253048428872,1.8280103522808735,-0.10062676649285288,0.7012801546104108,0.6236379951520976,0.0,-0.026978384808384867,0.046495701081602364,1.3671866257751182,shrinking,1
mura:Akita:05463,Akita,1.1611831120387746,1.9670261263769948,0.8409675025069923,1.138660119153612,0.9239385738232141,1.2813358782062267,0.07442531035044916,0.06614546581311834,0.25438892249816536,2.357403103152441,-0.12324747956484378,0.9041097747083483,-0.2157146518558552,-0.01444986359281605,-0.01687690275665585,0.3441447796391484,0.48968672335856867,0.8809040052387674,-0.1300433155732704,1.2763644533545333,-0.31436750163479366,0.15199334606151105,0.4662990668620345,2.6452067067707667,1.4689611966446932,0.014067570131145138,0.003900385418819919,0.08018738072248652,-0.12278548212171769,-0.2369622009634693,0.2093478419862867,-0.06937292283915303,2.6517424851491826,2.733942657552776,-20.063356862467362,-2.8262525784938757,0.14282978355784862,-0.11142012609398683,0.0,-0.11593687234991482,0.22870567214507476,0.29113933679643866,-0.1963210095437874,-0.07603902339259727,-0.41547213290071,-0.02864485182329643,0.0003973455905486797,-0.030693010796620245,0.981886165432568,shrinking,1
mura:Akita:05464,Akita,1.6271805077986912,2.625738174078402,1.3853066796013145,1.3644258255228197,1.665979964855135,0.7519613915293032,0.71684830060159,0.3596929578014422,-0.3890489226195403,2.761436369363821,-0.8091819123051027,1.5676107175847402,0.0,0.16140027079304803,0.0,0.1644687305693098,-0.5525805335895048,-0.13641399604516521,0.16548887623540895,1.7459126888113101,-0.6935762614602375,2.3794899907374147,0.9106278330462799,4.4711911770979995,2.5095331289397964,-0.9388911305578724,-0.9098239323928436,-0.9985555994881331,-0.6719760899995698,-0.4573520205318285,1.6787336032555684,0.7442144044869937,2.507230503350838,412615.373822208,-15.176105757512415,-2.482071405920683,1.3611461473976147,-0.4437724675191847,0.4019824876480079,-0.971095532167091,-0.7219821575325515,-0.5632611404076836,-0.7869587535669487,-0.6534706383462058,-0.08614578077945896,-0.26106283364041416,0.2776768607062744,-0.6570185658726617,2.1654331209326587,shrinking,1
mura:Aomori:02201,Aomori,-0.26698916893537056,-0.04948344278833524,-0.0026718404834573436,-0.08703381435681433,-0.007251463189768574,0.08529877047239362,0.40954758314063006,0.3381460038619421,-0.3750613088590767,-0.5476758485814789,-0.08281743187060979,-0.20131612738395538,1.742409165413839,2.0851329247013695,-0.71478291248322,-0.8455313982373005,0.8993777980952489,0.6753377843819759,-0.5639006385488267,-0.7058000069129999,0.8147745319151776,-2.4921078996616317,0.29975664721558143,0.0,-0.08583419729335642,1.7611188145644279,1.5446600959476975,1.8392342853045107,1.7042063755356351,2.1903854241637317,0.22324102081765565,1.125092175045617,-0.17451009339638246,-0.0111143394008788,0.0,0.0,-0.0468994894308662,2.380837068890545,-0.42551057684051563,-0.7124027980532488,0.012227018109359526,-0.17596748120298558,-0.860713582186012,0.5783971377419195,0.10404844857359431,-0.9946543829337912,-0.5013698219964628,0.29937278895905295,-0.716899027502907,stable,0
mura:Aomori:02202,Aomori,-0.49985994460369987,0.4282374908820526,0.07347683348503707,0.5571280904149553,-0.16728101904566206,1.2241620100518857,0.6848783319411502,1.5868167241996738,-1.0713255827063477,-0.15403889930234585,-0.003979279592335127,0.6045557213377167,1.430499297285107,1.6458009376673222,-0.6455474885219898,-0.52288983334248,-0.2548154275118444,-0.3180400510711127,0.8038750152519626,-1.1757975873630362,-0.20355183964341472,0.03998034063628286,1.1103013632897185,-0.5211293143905454,0.3933503722882282,1.4744729635863736,1.3065655135953722,1.5493857973758747,0.8714437914151623,0.41634087684154386,0.16351703683554714,0.7275694551822268,-0.17451009339638246,0.022913382559448407,0.0,0.0,-0.1698676491350421,-0.2192859520046579,-0.8490472681489789,1.0701792244497872,0.08182619598861976,0.5090924946890552,0.7158792058418841,1.1394978883510847,0.11083165214752502,-0.8588329196026844,-0.47130119271225573,0.3549262127028591,-0.5834206783441253,stable,0
mura:Aomori:02203,Aomori,0.3945355952739155,-0.31056295056493827,0.03889304618943359,-0.44287190958504474,0.7125200827304821,0.28027589489916205,-0.04794284706987077,-0.7296829454036571,0.9075715224509303,0.9028869828436578,-0.558676234316528,0.0,4.328724424553914,3.7938863509728735,0.35098560311099797,-0.4014412117852436,0.14733622643677727,0.06474586667426964,-0.5573727986334243,-0.07376170889357432,0.3881801075627561,-9.033696905540536,-0.5975039202077066,0.7111438201288451,-0.2184608390484057,1.6393669152621417,1.4998421349112196,1.7103252884820646,1.6873950165763671,6.731565063035885,-0.4333042650144416,-0.4252758442180899,0.0,0.0,0.0,0.0,-0.6808443689502385,2.2300172001463383,-1.2876317897297447,0.012444357789218296,0.15373138989996168,-0.039045101489442256,1.2380472211633111,3.182554719505281,0.9929653451210281,-0.9695983712872991,-0.6345014531855665,0.7775339059692291,-0.6891196879688428,stable,0
mura:Aomori:02204,Aomori,-0.00782910835698767,0.3445727179252524,0.4169879232583859,0.24021322223493813,0.2892429319853721,0.6139726308832533,1.0687940534869675,0.9431390291263742,-0.996755979510434,-0.12613314268635845,-0.5149808970690323,0.3006837342354179,0.5299775899615644,0.7888490538005813,-0.09559459404697015,0.0297645052009876,0.46172952915141563,0.2984207369172675,-0.2446872330906577,-0.8757993156130103,0.5365926894692593,0.40627587380200747,0.7156242770108739,0.2514719057980291,0.3555006070820697,0.5032823981667703,0.46168170468258024,0.5280787176760152,-0.49498564704612835,-0.4109590511289311,0.8504444428044653,1.1475486448248429,-0.17451009339638246,0.026256315052929136,0.0,0.0,0.26748441473527657,-0.01807926850977907,-0.4968060013834587,-0.2532283966753231,-0.09863620885373915,0.052083389771963924,-0.4132281002692429,0.300779195167488,0.45238933745316484,-0.6039766780731226,-0.34259301499776185,0.25156182002742844,0.3887790816745699,stable,0
mura:Aomori:02205,Aomori,-0.830670180944015,-0.03657626435040252,-0.5074615286059657,0.05629529164078318,-0.4971019270572396,0.4067588940020944,-0.12092749773184594,0.5409365373040995,-0.3386704344512424,-0.35530709659180687,0.5351314980103936,-0.05675559812078061,0.4408569647203373,0.32475715810149314,-0.46190200190898395,-0.691343115793153,-0.6626872416713953,-0.7126586378660635,0.03507951356407867,-0.8090975078635374,0.3314460918420456,0.11572182000340255,0.3733280207021243,-0.5525833013353808,-0.28667579599824783,0.7812472881823117,0.6675776274964383,0.8595565105745618,0.2727519950244592,-0.16892254742549387,-0.3596176448779119,-0.13080495390520963,0.03364370704226637,263668.30799536046,13.743247987732023,0.5792980447499729,-0.3686701318920277,1.7747960446548818,-0.346607704359996,0.0,0.802053246870418,0.712092246714001,0.1305026930469913,0.31125578186210423,0.2041022707608142,-0.4383194271937081,-0.184304089548274,0.019507493317761554,-0.3436133942175263,stable,0
mura:Aomori:02206,Aomori,0.22138895196231356,-0.1138690681864428,0.3087510707216531,-0.22508847059440892,0.5273593649168123,0.08731175381297517,0.6473106021778338,0.08582152483642284,-0.19017635876233713,0.0,-0.5985482297574849,0.023680965804110037,0.034534507284684525,0.09447432016978355,-0.2989263449780078,-0.43235989133305514,1.2946648334916662,1.0579235422439943,-0.31361593525033554,-0.46718053299229206,0.4026930724780805,0.46004423356836355,0.06987395354018328,0.42483681044413163,0.10261073010628136,0.875110350553432,0.8058573885926295,0.9244062972422722,0.3995648050031177,-0.2998667954921256,0.6603748129372559,1.0395216244403176,-0.17451009339638246,0.014757862726538727,0.0,0.0,-0.2175810071514844,1.6394740340679124,-0.4705377597461638,0.3643129874246991,0.04887318549950435,0.18962647913142622,0.5642152870052425,0.08230566105193997,0.43095920581795055,-0.6720322763493447,-0.4379410225897735,0.45090001249738587,-0.6100329898910957,stable,0
mura:Aomori:02207,Aomori,0.0,-0.6274080104455391,-0.3889241743810521,-0.6972721050172955,0.23285417707663417,-0.3166601396219412,-0.3762342544248342,-0.9547893543680468,1.0590237376594729,-0.10558103639338533,-0.13612292773628143,-0.5604902523938059,3.6955318416887364,6.134289608912211,0.7702030589394101,0.8894980653620818,-0.26594652776161315,-0.23507067108373952,-0.6629316305364623,-0.04096816563547748,0.6464408204662833,-4.379520235912365,-0.810998860354918,0.09095951192457054,-0.48649173093235576,0.6220912790767084,0.6819985734288715,0.4945642840174399,0.5050143529538716,1.6543285489607318,-0.7177932626370191,-0.981097744523646,0.0,0.0,0.0,0.0,-1.253237102507299,0.6411611587458124,-1.9848426499134462,3.1249783346379068,0.6771085202196357,1.3458191040124912,2.3622187396839536,2.31836787951094,2.985202444293267,-1.4806884345196907,-0.8948870587563071,1.2540003220878815,-0.8482405819247951,stable,0
mura:Aomori:02208,Aomori,-1.2453565839310776,-1.021717669943924,-1.905462228965289,-0.9619810500297062,-0.8241714402754358,-0.912435543261623,-1.3334790382935338,-1.3452054619887526,1.3975680236074801,-1.1843979320120668,1.0132611269500222,-1.262408713515695,-0.26614196674806967,-0.1554677100664155,-0.7809613054846245,-0.9288346545829197,0.23814917138991956,0.11234248131370568,-1.2683074388904707,-0.07818602882720957,1.4321960951783594,-0.1607909113249277,-0.8325364386519626,-1.0777656896625283,-1.1429220883623195,0.8110131890504969,0.7493306349502892,0.8555685714722132,1.0422086650109328,0.23451588591164493,0.031457307268017556,0.1315538736931266,0.582604658208583,-0.1825181197262847,49.98811342646108,2.1070722432917046,0.3427134089153706,0.023797126707602288,1.019513866063165,-0.6723880132461122,-0.455146847133393,-0.5022413725366383,-0.07639140965186993,-0.2991168776323828,-1.1841975716155042,-0.6634731199135413,-0.4305472748553238,0.4377912076279135,-0.9178879255293505,stable,0
mura:Aomori:02209,Aomori,-0.8881077770272978,-0.11374414255601624,-0.5721545534750213,-0.011115115198350982,-0.5304786638257448,0.2766081145682892,-0.17244364320933211,0.45914844507275226,-0.2551181550945025,-0.6406705053583414,0.542152196543216,-0.1828433876346419,0.42980433059284445,0.6452632100365953,0.6447440906601942,0.8039876185918702,1.0428899167544043,0.7446203484735628,0.007229430186683913,-0.7039334969409975,0.2904027597987537,-1.1748435757358082,0.3052577911450434,-0.7963117027176925,-0.516923452217928,0.4844796102392302,0.410809840069684,0.5872305348211899,0.3082607581659467,0.1420453763804839,-0.7509046401228637,-0.9867394668359135,-0.16584553391836784,63757.14793721016,0.5720730986650211,0.02411371957052676,-1.3714313655559085,2.23922625080759,-2.2432155898869537,1.1906145743290748,3.1174894010657166,3.410708171292185,-0.26780855077007226,1.1047589954614843,1.1388937486635848,-0.08859501880284472,-0.038564845945196075,0.0,0.7164545526475772,shrinking,1
mura:Aomori:02210,Aomori,0.20043331544206414,0.5399607057233206,0.6473088945283534,0.3367685599552056,0.5162115536144263,0.7559410171494785,1.4220736363728614,1.1016038929669245,-1.2880349486341465,0.13652668778285776,-0.7902240227573639,0.5389633724296736,0.11683637823593708,0.26293551222336364,-0.19349322680279837,-0.05107894324572056,-0.30228585860160667,-0.3057729164787612,0.0,-0.8813210742801839,0.28451416598828294,0.4884633560802253,0.8733751488822052,0.38251418575877844,0.7999401234123,0.47750844300815454,0.47214740760573104,0.5182904424228306,-0.24369868511037351,-0.41164296985901216,0.9570769333725732,1.0125878376957456,-0.17451009339638246,0.0010375299352390623,0.0,0.0,0.46670092519761147,-0.1991090038219724,-0.05598560804585861,-0.3631349308965442,-0.19980776535965641,0.0,-0.20470272264233172,-0.0034852583080458486,0.1826888555074177,-0.4902972518564142,-0.39306892949266875,0.5031647307079923,1.1870442700262744,stable,0
mura:Aomori:02301,Aomori,-0.4106985921326009,-0.5143148622081474,-0.47264907829973946,-0.533406475990827,-0.18708168206843961,-0.5721531645323493,-0.2376593726427448,-0.464252304581574,0.38886670438562587,-0.8664953640697192,0.22281144723068283,-0.7207900376001479,-0.3308647779004448,-0.1540724332604662,-0.06552612746988211,-0.42776490742592593,-0.1940791151330889,-0.2268802077379963,-0.6855147028917722,-0.3058138329127925,0.8612493827819521,-0.02278595867752974,-0.08931647001362435,-0.2567515678996542,-0.2120629147701127,-0.16779508737948193,-0.1710723977189259,-0.09060733634203698,-0.1942130562917254,-0.2621666581539732,-0.22410015081498447,-0.11209208845050214,-0.1634030155478988,72170.41397819917,0.733339122200413,0.03091131881927084,0.34713304927598143,-0.1760036155742019,0.9460575627764726,-0.5488335223617822,-0.14014868160291527,-0.3273661832330324,0.20743649099330988,-0.3532155177316344,-1.05504648416302,0.1748921098849748,0.15383336711968942,-0.16265254359295464,0.19612482640358284,shrinking,1
mura:Aomori:02303,Aomori,-1.211529631248815,-0.3987942589112571,-1.3032682864544927,-0.3435368445653817,-0.829627729864127,-0.19632791416883463,-0.9252769380354505,-0.4072311372578641,0.3378582868495979,-0.5265203921216873,1.08230258689008,-0.5595645264199052,-0.5552018767745949,-0.30427278958922804,0.48900354469623414,0.0,0.545848732608001,0.3920041352003529,-0.4884034245739618,-0.3890204279146936,0.6393478173835294,-0.2744787433129808,-0.3312382715097297,-0.7937838644993386,-0.5413896912474838,-1.024809059008923,-1.2444817690825916,-0.8407213479270916,-0.6426360538404181,-0.34676344868418657,0.0,-0.052748291637817475,0.582604658208583,0.8174818802737153,49.98811342646108,2.1070722432917046,0.5680917135549091,-0.34304290442525176,1.1442716176948495,-0.6648269533200314,-0.29651420234286935,-0.4851197436618876,-0.006108761493693283,-0.5063916933029888,-1.2778990483706183,1.7795498409959323,3.358376586962419,-1.8175375412515686,-1.3881394974124408,severely_shrinking,2
mura:Aomori:02304,Aomori,-0.7612822693252286,-0.17835358987793282,-0.5864296248198124,-0.16243521214008802,-0.4919430537467866,-0.012322781534329169,-0.24436440798592102,0.015082332392828347,-0.04203580843884045,-0.5186936784146976,0.53230310752237,-0.45772562829798763,-0.5874593376498823,-0.2780148807077784,1.1211197157088364,1.1862724841811263,1.6100923635299718,1.3426861035006386,-0.8361735876682801,-0.7625989423110159,1.0959790746400118,-0.2365777584544715,0.2218794718216327,-0.3346559153547502,-0.25447549772413486,-0.9754243279940404,-0.819464099303332,-0.9561938003170882,-0.24913260221598163,0.2342500574703304,-0.2719609889171649,-0.10475623874586233,0.160241093802935,293119.913757388,22.10177556291699,0.9316222322450235,0.0,-0.18300447525135555,0.5400343430834975,-0.03843370448912123,0.2564344895061807,0.3663440562749948,-0.17901281769341978,-0.2880493162955322,-1.0053064947643853,0.320035490409312,0.05560841965988552,0.12644966359904167,0.6386037228298118,severely_shrinking,2
mura:Aomori:02307,Aomori,-1.132906826511287,-0.3956791883586888,-1.1767768639794323,-0.33346166460309684,-0.7702315658728895,-0.2068953082138598,-0.8183148879217893,-0.3241283982287788,0.2861702574214526,-0.6245643142396873,0.9879016126077773,-0.5539507666615253,-0.5161530437750325,-0.266975731116603,-0.3377664513047413,-0.6644553417256635,-1.227459020941088,-1.1103839392105113,-0.39375991377557246,-0.4152379800214303,0.566659549197283,-0.42519045008600964,-0.27132121710667245,-0.7763983105081271,-0.5175499387373798,-0.5348757879926549,-0.7481787355464204,-0.3562193519516875,-0.243140351916803,-0.3107995078507478,-0.09617948446631525,-0.05663960377256616,0.582604658208583,-0.1825181197262847,49.98811342646108,2.1070722432917046,0.712979530186982,-0.3121332253134351,1.2669109858643646,-0.8885156963648038,-0.3582689153238191,-0.45646014416123687,-0.6608722877289975,-0.5033214752680704,-1.4333374323872141,1.2857889023273912,2.259623091230841,-1.5280852923541766,-0.7715857040227804,severely_shrinking,2
mura:Aomori:02321,Aomori,-0.8164954026022492,-0.09432147103535041,-0.4938825265703345,0.010761674350182932,-0.4882334225707006,0.23541420484124168,-0.0602687586902188,0.6018173062178381,-0.3369782248944973,-0.8228664406995292,0.42183514056987903,-0.0999339605245563,-0.5663165698142624,-0.30476227295863934,-0.722131194168632,-0.717401514116245,-0.8252919280876512,-0.8979405015180676,0.44666897140765444,-0.7253637966195431,-0.09979248128327961,0.034978544829020276,0.3993213542068328,-1.2381394257434186,-0.7870943776992974,-0.2337963353536442,-0.2991838064663737,-0.11091478337445604,-0.7209054327301742,-0.5276720309927726,0.5683530373977714,0.7026144122689381,-0.17451009339638246,0.008448944673626085,0.0,0.0,0.6313298681079723,-0.1564115712555675,0.10373250788635621,-0.8890630739984197,-0.20778918998515292,-0.2530082866697786,-0.3146201788080169,-0.5061279400459431,0.11977279832722146,0.5698500715832894,0.6366637625633798,-0.6076713147582073,-0.28560389174134765,severely_shrinking,2
mura:Aomori:02323,Aomori,-1.0159056925548269,-0.40296798016104496,-0.8544856263547642,-0.3036649290923411,-0.6413697194032498,-0.26449682116045825,-0.4362614468489171,0.07818050749145164,0.07905719127289378,-0.9770901929616599,0.605871315205598,-0.38239910437419605,-0.772046665211024,-0.3997632409511992,-2.09802354348064,-1.524461867863654,-2.2799548561497027,-2.008083826827377,0.1956623418879897,-0.43205385226919224,-0.038364272083060806,0.21791270486380215,0.0,-1.4737616792525274,-1.3696547671188821,-0.3552461796478009,-0.48718855629040336,-0.16176521133278307,-0.8481723804164362,-0.5649082749911063,0.6206985527044175,0.8622900579861682,-0.17451009339638246,0.016391576826729,0.0,0.0,1.1637707744677057,0.12832613273930907,0.8367359645918839,-0.6896460468524427,-0.37517884187052275,-0.5176569941060164,1.0237502811684065,-0.6584151287710419,0.6501367432327653,1.263670410147139,1.466680618409495,-1.0552735512990836,-0.4698086721138697,severely_shrinking,2
mura:Aomori:02343,Aomori,-0.5404892156314098,0.2342081055463927,-0.0920518092808963,0.32269976314941307,-0.26096002767867,0.7440638177165798,0.42714621836054806,1.1993171874109534,-0.8168586278703918,-0.43619296331752055,0.11793569656417356,0.3819349890646113,-0.7647598815152847,-0.3868105099968731,-0.08538297935743122,0.11813274561375584,0.8906230048399515,0.8841852002004089,0.9353062594053769,-0.9017057827244133,-0.41134413409312315,0.38684712954386485,0.8233421591561487,-0.9466914117496474,0.10815485859700326,-1.3823766377749913,-1.0642513687330253,-1.4456367422803018,-1.6168596952514653,-0.5890300393862224,1.2373647358164017,0.44140406681874034,-0.17451009339638246,-0.03350350724438623,0.0,0.0,1.386363091287487,0.019209468536883594,0.3114188518457872,-1.0942736228410594,-0.554312193788531,-0.6225339197177117,-0.3041191802410298,-0.7606590688327683,0.2579727392383407,0.002821811729547218,-0.3788115504501344,0.9494558246356707,0.8067468070583755,shrinking,1
mura:Aomori:02361,Aomori,-0.42651731291148587,0.540324492611644,0.1276402149912885,0.635330528326813,-0.1436667746731244,1.3337031521464968,0.7388800515388539,1.6809339351487775,-1.1856504936975736,0.3433901358655617,0.0,0.7792602331719868,2.172066606215649,3.7303740279494986,1.738162298427889,5.160569557477252,-0.45786344438381,-0.5273102843209779,0.8959002725017285,-1.2199630154505547,-0.20010209120147332,-1.882958734239428,1.1730803835376984,-0.16292290626733202,0.4980734153494738,0.04484372031795122,0.13714747955384107,0.0,-0.7399249674362826,0.130831101630468,-0.72354038442552,-1.0600656695708315,-0.17451009339638246,-0.1825181197262847,0.0,0.0,-1.5880199053239055,0.548521315995988,-2.853830602777426,2.021427083634227,2.4078459040918085,3.326692928814328,-0.01568525166901847,2.8419359965721585,0.8082186402738364,-0.7556905443299299,-0.5708515045602407,0.7949052589747819,0.9206409468322241,stable,0
mura:Aomori:02362,Aomori,0.21403478489228572,0.9032971995447466,0.7275569482306448,0.6764582978939258,0.45413635415059306,1.2660156600251702,1.5803910124426328,1.759325943738226,-1.748040148680355,0.37877523927897827,-0.7147650025030898,1.0223109637389522,-0.10606363109864239,0.08297401674194371,0.1719908937837359,0.658332072360757,-0.1368735355171843,-0.07396897591848181,1.535023589701875,-0.9460353945594691,-0.8950462413089026,0.30988450123816175,1.2252855539274914,0.20730406587311753,1.2729707103691832,-0.25879938675186814,-0.35170863449833056,-0.154079150570476,-1.1724321419968131,-0.5350168620038375,0.5666957349855584,0.2907401005269427,-0.17451009339638246,-0.03317291388843653,0.0,0.0,1.1298286878179944,-0.14974174691300599,0.5653014533495911,-0.3448003208496057,-0.32289147978036425,-0.4196830809283404,0.2769366849459979,-0.33354631198524276,-0.6421173454203983,0.4468756151014893,0.7290083519275429,-0.7820769743725884,0.25373246743889705,severely_shrinking,2
mura:Aomori:02367,Aomori,-0.28406930798780405,0.6043208116413111,0.28322146659349945,0.6335736532248644,-0.010756326707116159,1.3006892998499016,0.9607471832179179,1.6865540197060602,-1.319022160280861,0.2715343322039473,-0.17820649569591815,0.7985123219280114,2.3825699220104255,4.540651368125514,2.092147364917428,6.678236031101978,-0.14599123470629388,-0.28154846263658545,0.7008175051856674,-0.9461390895579137,-0.17413889741502406,-1.3643144742065363,1.201211622666084,0.06826229787960254,0.8193556613868082,-0.35683843358818446,-0.2112337461147522,-0.382595080865093,-1.5142869768893155,-0.31342385252613697,-0.6988129962184727,-1.0525922600790507,-0.17451009339638246,-0.1436697989067947,0.0,0.0,-1.561094341851021,0.5807481107112009,-2.995665643880371,1.408899808909222,2.906724933515976,3.671594896277425,-0.3352422604540711,3.00622975675098,0.9582158276100867,-0.403485315495062,-0.44598143255461165,0.7540236720226179,1.2116116230028164,stable,0
mura:Aomori:02381,Aomori,-0.5331215679647863,0.45210720219382267,0.0,0.5586783632067245,-0.24287894058708448,1.2179384009069716,0.5609846977867232,1.5175801378666314,-1.0411226987526998,0.24333026448126696,0.13002805072691936,0.6431599494769996,1.604479972865948,2.5870373439435395,1.6027958635449444,4.602248462108446,-0.30593583828797793,-0.4103567517702871,0.7415707487696751,-1.1648232000276522,-0.09980249022460064,-1.285518232169524,1.0691241870388934,-0.27155595375229297,0.2791690460218106,-0.035506610083630034,-0.02860377676197523,0.0033282060964265944,-1.4259426240840105,-0.425243081311892,-0.7401339867171415,-1.064445741019889,-0.17451009339638246,-0.1825181197262847,0.0,0.0,-1.586728124720165,0.3148286711171561,-2.727555209727156,2.9377375564375203,1.9640661718918007,3.2858937655889298,-0.061412566701014325,2.337913582935153,0.5607545012843058,-0.18275869172463335,-0.09385860091222122,0.0385743486624442,0.6487062098895449,shrinking,1
mura:Aomori:02384,Aomori,-0.6494330282304592,0.25115193177733325,-0.19275651479208922,0.3536069191986932,-0.3514186837534971,0.8511127145691113,0.2940591517199607,1.1378568230808694,-0.7665467098896382,-0.15070048386219642,0.2811074928413447,0.32374769473376097,1.4392630388162173,2.3378931749066454,1.9685859979002935,5.437003461032929,-0.04679185855566821,-0.23203593384763224,0.5454559319965837,-0.9919549963706752,-0.017268760092349025,-0.8726753747566207,0.8014661148385216,-0.4976961474465632,-0.061024222297375884,-0.06502999612941024,-0.0051164156588103145,-0.030338819517049614,-1.0362491968833167,-0.26545874902528716,-0.7426088879441739,-1.0120527048569008,-0.17451009339638246,-0.1825181197262847,0.0,0.0,-1.5164258347137443,2.0010619089440533,-2.7433007539447414,2.116578372676502,2.300829966405332,3.2341206660622137,-0.3378944867551809,1.8786511522493703,0.5958297345100847,-0.1915109112353334,-0.25193857671813225,0.40027702465609727,0.6597352150687673,shrinking,1
mura:Aomori:02387,Aomori,-1.0841151217683065,-0.2824666073090136,-0.9898499532219682,-0.2085245552013141,-0.7233318549634595,-0.02412045044838267,-0.6260176058593055,-0.054527512109320365,0.09173347047210517,-0.5772555861268795,0.87538263212222,-0.4375376245210017,-0.3811941816981475,-0.2500472862128504,-0.5120144221210909,-0.8611752937240414,-1.8614090829206706,-1.6154440113910962,-0.2363545776223208,-0.5585617503715737,0.4632171406456435,0.0,-0.06313462378859143,-0.7762596527155593,-0.5239534071441637,-0.1954931081419217,-0.26146685455842406,-0.07167006134693393,0.09071320516958464,-0.020680665566712393,-0.32897783501240585,-0.18708209764255776,0.3160035047252286,281693.43714892655,32.38590891027941,1.3651135252253421,0.14341536669283433,0.5526211947628021,0.34476745064953623,-0.20100627881837413,0.6290777874543231,0.5060888508539549,0.47623474423859513,-0.25378455532691474,0.27907639790005506,0.5482121706589441,0.6027601479552096,-0.5788323180860958,-0.2569649567431459,severely_shrinking,2
mura:Aomori:02401,Aomori,-0.3049146619902432,-0.6716800960503878,-0.5258511206444297,-0.7000328785650057,-0.08575135770309358,-0.6754642877978603,-0.3611146435636773,-0.7521595333962581,0.7251889724670281,-0.7320081566749821,0.14046559255089647,-0.7816241488435978,0.6131307046787773,0.9107631611564639,0.05949020597609821,0.03876171299687373,-1.661725440059408,-1.3988716877250393,-0.6898411762313419,-0.09783623103245653,0.7906529833317765,-1.1187652407326891,-0.31717693632554417,-0.2366781859294337,-0.24276629835173016,-0.05069509276150041,-0.07324385508354009,-0.01131118680120634,-0.598538932165179,-0.17255086999460442,-0.44424411563517086,-0.2728855650736904,0.0,0.0,0.0,0.0,-0.34073645607322395,-0.09920335498911471,0.3012194112385851,0.031710468522529865,-0.3467032724587008,-0.09677989701720706,0.8935509387922859,0.5200989589725072,-0.7385687972894458,-0.16921393467668921,0.020788591037122262,-0.17808865306704044,-0.8363556830865541,shrinking,1
mura:Aomori:02402,Aomori,-0.050254221088105566,-0.3861101914913264,-0.0965824926140036,-0.4615259814566241,0.17834720029040269,-0.38684559997132556,0.12493785545677617,-0.31250388502658183,0.2423236621394343,-0.4295834009801328,-0.19244967507453098,-0.39662787561212787,-0.22068680639486227,-0.03508101856239559,-0.14137743889531845,-0.05425188862901935,0.5569816687403383,0.4562453879762839,-0.4618650099646154,-0.27461892088071616,0.5756976232100677,0.5358159581104327,-0.10196395979537784,0.09730577243056494,0.0262126395041335,0.04416197186682172,0.04847570600211758,0.13716544976701858,-0.20905908188803035,-0.3931714374442835,0.139758364191616,0.5264642764410596,-0.17451009339638246,-0.09927948360027189,0.0,0.0,0.0592251042388125,-0.1454273971103436,-0.3982231270594508,0.7198319849266982,0.07587279767771066,0.3803093388561163,0.5206963040150144,0.0,0.19274147368947434,0.14162177786577645,0.0,0.10220889132354787,0.21438193873906614,shrinking,1
mura:Aomori:02405,Aomori,0.1764757065005433,-0.43299373709888445,-0.06764109180045144,-0.5437008608566479,0.4263418041294967,-0.25593618228342024,0.0,-0.6321901135229681,0.6468707273210924,0.19243409250082236,-0.3773427957920664,-0.24443484125097012,0.8948401879484991,0.9094963351646572,1.4405209992177388,2.821068877253522,0.5816197942339215,0.534237664803448,-0.4934009842599748,-0.07584425011233625,0.438748615429784,0.4576888905691762,-0.4025217860723375,0.37364008703443014,0.0030991678263134095,-0.14956742351156602,0.04419279437569844,-0.19618052679704728,-0.23505702328782052,0.22222664778881843,-0.6022501475841332,-0.9119272169353899,0.0,0.0,0.0,0.0,-0.829947052234495,0.3284453509189776,-1.4501449974363152,1.4438267263191213,0.5213687526488997,1.5147953925177506,1.8547987564860564,1.3693809012395544,1.0551597564123094,-0.6556393409685355,-0.7058975250060151,1.4727874730926132,0.33252962025728433,stable,0
mura:Aomori:02406,Aomori,-0.6332962520073767,-0.972594116107087,-1.1501987124381798,-0.9408767476857519,-0.3715372399089799,-0.7507669419394828,-0.9078371147538895,-1.175584683354318,1.3311639547631597,-0.8560165442920916,0.4829814902431642,-1.08333532452399,-0.2520073080421399,-0.04265783518229845,0.600907025784433,0.39144107909383447,0.5904818418746416,0.5495049451512438,-0.9195103103265955,0.14771352528429713,1.0022186486594693,-0.06935974745278917,-0.6134246763150905,-0.6889052433977553,-0.5637713379645285,-0.6777319272234944,-0.6331164408892922,-0.6674936553485301,-0.039380571536130726,0.18176291322944374,-0.275221728892164,-0.19168352957329216,0.0,0.0,0.0,0.0,-0.2824568780861038,-0.19638879749857693,0.19175165087637988,0.9250029868775276,-0.2466555640158537,0.3124040518678486,1.4659240042014605,-0.09674385253581724,-0.5747106791053734,0.046042271162178856,0.20145752842476913,-0.33312777464606236,-0.6985712115230224,shrinking,1
mura:Aomori:02408,Aomori,-0.11998194235429528,-0.6212756301053114,-0.37425530727221695,-0.6791346651059261,0.09747958319077135,-0.570468468665317,-0.2617327498696698,-0.7615436900632623,0.7554931853435651,-0.43207903281466054,-0.04447465400289635,-0.6227744306789443,-0.010341521191867396,0.16684081285538319,-0.14205029868886468,0.02370070353505785,-0.8388539058989335,-0.7016041246541121,-0.6221072111278318,-0.05615948290760768,0.6594924799487543,0.009224778359577314,-0.4044026288955724,-0.03471777806220351,-0.1577803527174546,0.114826282193348,0.14949444947115043,0.17451814654756265,-0.43552852861504665,-0.4629610973776384,-0.5455521064879483,-0.50050178551215,0.0,0.0,0.0,0.0,-0.7442277175680448,6.596532517977448,-1.0626130186301763,0.2509890905087915,0.6118142138144446,0.5932346860503465,-0.3672224364059328,0.011959901743686517,-0.3736750190718392,-0.13958508928182292,-0.23596329494076868,0.4060516416413612,0.5648136517366422,shrinking,1
mura:Aomori:02411,Aomori,-0.3910234699141852,-0.8768986032308733,-0.8741878803772494,-0.8764383758806351,-0.16357999038157922,-0.6627793312303765,-0.7349045607192081,-1.1197207233349045,1.2749787905524197,-0.6227202109582314,0.2604751823315019,-0.9300751890708016,1.0472117798214693,1.4757321312241791,-0.025007587145916523,-0.4545217201357752,0.4837131623080306,0.4540244980193501,-0.8216638874201814,0.15388337769174937,0.8520044573152017,-0.8363887261110375,-0.6228246060512582,-0.43502282520585334,-0.41311519035765143,-0.15405720731018396,-0.09030497934481316,-0.387709636092721,0.3370886230953247,0.03453678307825758,-0.5607280081739668,-0.41994752879695335,0.0,0.0,0.0,0.0,-0.7608481685750687,7.3770364081839475,-0.8814655421500562,0.4425844888769456,0.29663891420797905,0.012878143413667968,0.6295219189079098,-0.13857913939391917,1.545620715000227,-1.6249141117654171,-0.7370618699386912,0.3305215120590011,-1.5732409875024955,stable,0
mura:Aomori:02412,Aomori,0.1901888537109201,-0.46200607500951385,-0.16231687787555693,-0.5773652175620626,0.43481581023158944,-0.19249924260113674,-0.168402517355475,-0.8177521158946169,0.8999318610794168,0.3607146305531174,-0.3496266274049906,-0.2565066524013244,1.911588651328435,2.3425892980684413,1.911202231042776,3.677213421583381,1.984203843085615,1.8898322492771054,-0.5670577947695937,0.02422142338667865,0.45196041797338965,-1.9267348443318646,-0.5517338885889822,0.39925978070736856,-0.06183366505702117,0.34284127058914315,0.4760918148188402,0.21115695723999536,0.26637071262864553,1.8293418918686326,-0.681754628311448,-0.9490083929359125,0.0,0.0,0.0,0.0,-1.178795190585572,0.5471837843946872,-2.1105385134856114,1.5723740326627997,0.7663774023589179,1.7071326544520997,1.6245716861925756,2.8373105859983134,1.7455088260059006,-1.37198937268914,-0.921086631798627,1.578722620467658,0.06252015557307737,stable,0
mura:Aomori:02423,Aomori,-1.803343052860774,-0.9901453234192297,-3.0858509007290107,-0.9277498909364202,-1.1593361503653175,-0.8225417938674688,-1.8519213620101687,-1.4673102514593515,1.6902689152842902,-1.078035114910021,1.4782463757487858,-1.2062118387890917,0.038680374012653146,-0.07843155755466134,1.374955701061146,0.5020863894270694,0.12669898486450187,-0.026852403280198264,-1.5300361979908084,0.0,1.620994755314748,-0.2689022891816789,-1.143886618167485,-1.3719121976193518,-1.4470508008493599,-0.613832385927297,-0.4668594608262515,-0.6599681636326412,-0.08611183437550682,1.1516117979473897,-0.21043796577661988,-0.15406768681899172,0.582604658208583,-0.1825181197262847,49.98811342646108,2.1070722432917046,0.32880452300084656,-0.24045697207056907,1.0357862945898177,-0.3963278561532017,-0.40482817567108464,-0.5013214806504471,0.3478894858525455,0.5253081523316849,-1.1969039607996408,-0.3759267076791629,-0.33826811304190524,0.4592074179198557,-0.8992063505621627,stable,0
mura:Aomori:02424,Aomori,-1.1334089119405502,-1.128805170056291,-1.963129789471752,-1.042681528263606,-0.719345510708754,-0.5389001296090419,-1.3612034282446557,-1.2562194884826456,1.7530068469082123,-0.7863924815779221,0.8555661831110727,-1.1269115701629144,-0.3277243948667718,-0.1858984171954002,-0.27956145307026053,-0.5368038131977785,-0.5874065871227817,-0.46945518490059357,-1.1230121608980357,0.3156216515156753,1.246536906302964,0.0235874558136897,-0.8171512300455,-1.2408592516745591,-0.9186676350411094,-0.4778484301075186,-0.3501287694389196,-0.5236821106442459,-0.4915565373777878,-0.4626735578438998,-0.42656068116802465,-0.472462826731283,0.0,0.0,0.0,0.0,-0.27545429519624204,-0.13516393252350195,0.7937995140219868,0.09692421942597146,-0.15603229936568913,-0.2852367195028131,1.5993330848104104,-0.4216028622580805,1.46454075876867,-0.4570675971723955,-0.3677635577423121,0.4632312547225494,-0.6953841665204323,stable,0
mura:Aomori:02425,Aomori,-1.766377817578065,-1.0532507124684152,-3.0141820354638953,-0.9840735357756162,-1.1280266054526684,-0.8062886055324406,-1.8115454030521978,-1.44922569623663,1.7377999221420377,-1.0604146057083095,1.414277081534445,-1.214073109797912,-0.48248798148809013,-0.3434044945962371,0.6408927429823575,0.06763635579665427,-0.8270771996415516,-0.8315457227559351,-1.4873866270793512,0.0786958625695621,1.5929697196161905,-0.3897128598703238,-1.1410503586026066,-1.4260527326251118,-1.4502164982175618,-1.2322565751604868,-1.1580557174551702,-1.1817336837836696,-0.6732546446337666,-0.1618677116045446,0.26123061016369825,0.18856912016759284,0.582604658208583,-0.1825181197262847,49.98811342646108,2.1070722432917046,0.8512818525973516,-0.11803234375142714,1.4013399591819158,-1.2787599972821093,-0.5157143160351503,-0.6631182602293736,0.34041776144441854,-0.6673406470200123,-0.5624629633790007,0.7589462268619708,0.7622518538957158,-0.6487438236656105,-1.096062930344957,severely_shrinking,2
mura:Aomori:02426,Aomori,-1.4558984601798322,-0.9003216908415266,-2.2093804748929866,-0.852930983565294,-0.9808984989636399,-0.871477644248886,-1.50629536184683,-1.3808407926006603,1.3313774332920627,-1.130801637057468,1.255018323092302,-1.2228356330074883,-0.7390303795788176,-0.3860673424306435,0.26285975453849836,-0.37100121527688984,-1.1195509293481816,-0.9942800126527513,-1.3691076585187294,-0.14958867650616986,1.4867514980048844,0.1007807035783823,-0.8266111411017711,-1.0863731387857842,-1.1268940128956424,-1.180391858503878,-1.162040016426951,-1.1016274083246014,-0.5968005840016406,-0.3454387577912809,0.14097245218436688,0.0,0.582604658208583,-0.1825181197262847,49.98811342646108,2.1070722432917046,1.17363618268218,-0.1799013904055935,1.2232708827866097,-0.3468869681220697,-0.3924512865105846,-0.5397349098830578,1.9750661632530688,-0.6683541292894374,-0.06322433106781807,0.953480519303253,1.1220399191889887,-0.9111802203409646,-1.134669953877123,severely_shrinking,2
mura:Aomori:02441,Aomori,0.5026483093444547,-0.06561168045257729,0.5061174734296655,-0.36977107417476773,0.8346014871820899,-0.2370703483359864,0.7823760902174434,-0.2275014964032107,-0.16563591201562056,0.45232415141852106,-0.844722692593246,0.20137404663743994,-0.13799723406823472,-0.01069822452488745,0.4143738236625968,0.5391418049503138,-0.4251467133617001,-0.38670913768575316,-0.48915585471997397,0.20460751443088734,0.26263462026076634,0.45512183134534306,-0.023435558640309054,0.32187806647041295,0.34156821218488564,-0.231347469911036,-0.21724375687233213,-0.1520450187098945,-0.6337316882369041,-0.3895549842519382,0.07084072578265435,-0.04434391358198692,-0.17451009339638246,-0.1825181197262847,0.0,0.0,0.1903680397260976,-0.22170241152481715,0.2788640116814903,0.09557436678083261,-0.328963097214937,-0.10978321676380945,1.728554935727844,0.15357606786951072,-0.3645867397430158,0.23522602045174323,0.14711424550711807,-0.10772647203927292,-0.13348075110241556,shrinking,1
mura:Aomori:02442,Aomori,0.3524384528064284,-0.25693077662525526,0.1945400919885912,-0.3774322899528287,0.6530103724918819,0.0016080093234470522,0.3153030828515294,-0.33390842057555237,0.37097507074369995,0.5702736548880248,-0.6283040921147591,0.050773606613846035,0.15093728246461713,0.06357355631431122,0.48076350561398556,0.5454782798642248,0.0,0.006641981432080217,-0.3581059096270387,-0.17196087242058694,0.28953198190383417,0.2813481786733709,-0.27922161384026123,0.6287810913434874,0.14816683391454274,0.10093861482129474,0.05902518749556125,0.19127042133422648,-0.06898090861667185,-0.07695954917615436,-0.36483872165815706,-0.6600774763251367,0.0,0.0,0.0,0.0,-0.34545297068518305,-0.14026657298644402,-0.1734290734132764,0.4082058181626475,-0.006844628185626152,0.39612883308354424,1.5146691824395597,0.5417298095412869,-0.16445518685785654,0.08314345551233822,0.11526702148171376,-0.16107604427448122,0.14135032842964695,shrinking,1
mura:Aomori:02443,Aomori,0.5710685550377343,0.17503170296244677,0.6592316419066729,-0.2270565023486532,0.8588955530313621,-0.19942726302362013,1.0216352579822299,0.0,-0.5265464851203139,0.30561063032991476,-0.8937710544001009,0.29676184721882903,-0.6049613508674326,-0.3116926447475074,0.17649235036686983,0.09993826052764218,1.0605051888272845,0.884779271076789,-0.3584007809004759,0.21162420932563686,0.168927575300602,0.6001928129903026,0.23123655775772697,0.2851657493920393,0.5241197309988859,-0.5836792220283852,-0.5584237257849721,-0.5043238460642367,-0.9278381958391194,-0.5305279009062233,0.7679621158699887,0.2700146308172432,-0.17451009339638246,-0.1825181197262847,0.0,0.0,0.568634690482286,-0.3056059832624484,0.3831598787176058,-0.01839272782099071,-0.5041480136498664,-0.28790775328599905,1.6544007671424408,-0.41608685852745353,-0.05845458648465512,0.49237785571975246,0.41912006678630426,-0.3685742019032954,0.0,severely_shrinking,2
mura:Aomori:02445,Aomori,0.45269527265271436,-0.24910234889738825,0.2691629236806856,-0.41183202167005994,0.7901020902920947,0.016171296907215395,0.3433230105149495,-0.431982435568268,0.3950682915803129,0.7511253299679733,-0.7035585753775693,0.1349499262942931,0.2172555126574991,0.09203330053622602,0.22363480604418257,0.09442493750131475,-0.6289994466419124,-0.527838217367376,-0.5956247203806889,0.2687255884691162,0.2904694860742263,0.21207538609856144,-0.30504785652468225,0.4547868936388075,0.14102045229000232,0.12821770215718306,0.0997708689745343,0.2163192850421704,-0.10942247457661618,-0.03438033417659574,-0.2695783025350538,-0.4479379749926797,0.0,0.0,0.0,0.0,-0.07640988390929797,-0.10898055113186497,-0.022528252097766262,0.4030108909786477,-0.27219568996007204,0.009761493044252535,2.1424696637786895,0.7101263054161531,-0.39669327464097276,0.04859608255530335,0.037316959266555254,-0.043023162279088756,0.2502262743265064,shrinking,1
mura:Aomori:02446,Aomori,0.5021257259575062,-0.2523245753372205,0.08412192258721014,-0.49402014790555016,0.8086272646399576,-0.13790873226625822,-0.03858220650809316,-0.9214171257455804,0.9220895113448287,1.3289271893923484,-0.6292629852739755,0.2139387334538862,0.2123531127230474,0.052260164539726046,0.9330964239328569,0.5466305956281814,0.5756239502903078,0.1991106589522104,-0.7428315776629927,0.5008554837371679,0.33732801302496906,0.1927940870682974,-0.6128762756741472,0.7332330730833226,-0.02089582028153096,0.0,0.0,-0.07286541769154051,0.015262780592695153,0.5735893901366638,-0.04630632011157357,-0.07941197187561384,0.0,0.0,0.0,0.0,-0.30255686813794147,-0.12138703804226433,-0.1844911233158068,0.35752542050160835,-0.14067995075410408,-0.13590870682775633,2.233864826533323,0.7758753778187177,1.231762841949388,-0.8913995428790851,-0.3633362374366203,0.02609886678496055,-0.7651220969165614,stable,0
mura:Aomori:02450,Aomori,0.45951078436859016,-0.008308448289817754,0.5393903345720669,-0.312898016520591,0.8049063344194249,-0.1785780290047421,0.9276258651661505,-0.08934401811591262,-0.36102983823677376,0.352344513822533,-0.878468499056761,0.23002796749447063,-0.6676117594006984,-0.38085984893938074,0.7790303581093924,1.2153412047091228,1.270556451739787,1.0854708057990345,-0.4525053890267215,0.12575610936365833,0.26078296611639745,0.4336666603655885,0.10590130502215032,0.21715943512948552,0.37116831419684976,-1.060127190064867,-1.0201953670659598,-0.952048724514857,-1.340025234624105,-0.5506529154009562,0.5733732351624546,0.26809451777997173,-0.17451009339638246,-0.1825181197262847,0.0,0.0,0.2344390028337335,-0.3120495632628199,0.5229653357160635,0.07569379592190544,-0.39346970479058396,-0.22076600311079364,1.272590747117813,-0.5072225485847948,-0.5046360046004839,1.1069853282498057,0.9763261030775638,-0.6972330885061789,0.5181899870361993,severely_shrinking,2
